Roll Number,Score
190720,0.04708361625671387
210973,111.60399293899536
